umap_n_neighbors,umap_n_components,min_topic_size,min_samples,epsilon,metodo,n_topicos,pct_outliers,tamano_mediano,tamano_min,tamano_max,pct_topicos_pequenos,cobertura_util,concentracion_mayor,silueta,score,cumple_criterios
30,5,50,5,0.2,eom,16,15.79,107.0,56,9898,0.0,84.21,49.52,0.0263,0.9235,False
30,5,75,5,0.2,eom,12,16.96,224.5,83,9898,0.0,83.04,49.52,0.0354,0.919,False
30,5,100,5,0.2,eom,9,18.24,245.0,105,9898,0.0,81.76,49.52,0.0804,0.9168,False
30,5,150,5,0.2,eom,7,19.31,659.0,222,9898,0.0,80.69,49.52,0.1218,0.8839,False
30,5,125,5,0.2,eom,7,19.31,659.0,222,9898,0.0,80.69,49.52,0.1218,0.8839,False
30,5,75,3,0.2,eom,11,16.1,220.0,84,14123,0.0,83.9,70.65,-0.2834,0.8776,False
30,5,50,3,0.2,eom,16,16.72,97.5,50,13714,0.0,83.28,68.61,-0.3366,0.875,False
30,5,50,7,0.2,eom,24,29.94,205.5,50,3729,0.0,70.06,18.66,0.2065,0.8748,False
30,5,100,3,0.2,eom,8,17.38,235.0,108,14123,0.0,82.62,70.65,-0.2473,0.8747,False
30,5,75,7,0.2,eom,18,30.81,249.0,83,3907,0.0,69.19,19.55,0.2548,0.8726,False
30,5,100,7,0.2,eom,15,32.08,270.0,104,3907,0.0,67.92,19.55,0.2507,0.8636,False
30,5,75,10,0.3,eom,8,9.47,193.0,83,15944,0.0,90.53,79.76,-0.2961,0.8633,False
30,5,50,10,0.3,eom,12,8.58,95.5,55,15944,0.0,91.42,79.76,-0.3099,0.8622,False
30,5,50,1,0.2,eom,13,6.84,88.0,56,16180,0.0,93.16,80.94,-0.2999,0.8606,False
30,5,75,1,0.2,eom,9,8.02,110.0,84,16180,0.0,91.98,80.94,-0.301,0.8605,False
30,5,150,7,0.2,eom,13,33.14,661.0,191,3907,0.0,66.86,19.55,0.2853,0.859,False
30,5,125,7,0.2,eom,13,33.14,661.0,191,3907,0.0,66.86,19.55,0.2853,0.859,False
30,5,50,7,0.3,eom,9,5.88,104.0,56,17300,0.0,94.12,86.55,-0.3298,0.8472,False
30,5,75,10,0.2,eom,25,36.1,235.0,76,3996,0.0,63.9,19.99,0.3155,0.841,False
30,5,100,10,0.2,eom,20,36.8,264.0,100,4083,0.0,63.2,20.43,0.2971,0.8348,False
30,5,125,10,0.2,eom,17,37.47,287.0,144,4083,0.0,62.53,20.43,0.3375,0.8333,False
30,5,150,10,0.2,eom,16,38.19,348.5,214,4083,0.0,61.81,20.43,0.3427,0.8288,False
30,5,150,10,0.0,eom,18,40.02,297.5,214,4083,0.0,59.98,20.43,0.37,0.8183,False
30,5,150,10,0.1,eom,18,40.02,297.5,214,4083,0.0,59.98,20.43,0.37,0.8183,False
30,5,150,3,0.0,eom,24,41.07,290.5,158,1316,0.0,58.93,6.58,0.4325,0.8158,False
30,5,150,3,0.1,eom,24,41.07,290.5,158,1316,0.0,58.93,6.58,0.4325,0.8158,False
30,5,150,3,0.2,eom,6,18.48,453.0,220,14123,0.0,81.52,70.65,-0.2308,0.8086,False
30,5,125,3,0.2,eom,6,18.48,453.0,220,14123,0.0,81.52,70.65,-0.2308,0.8086,False
30,5,50,5,0.3,eom,7,1.71,109.0,56,18296,0.0,98.29,91.53,-0.3115,0.8073,False
30,5,50,3,0.3,eom,7,2.01,87.0,56,18368,0.0,97.99,91.89,-0.3368,0.8047,False
30,5,100,10,0.3,eom,6,10.33,475.0,103,15944,0.0,89.67,79.76,-0.2609,0.8034,False
30,5,100,1,0.2,eom,6,9.32,455.0,109,16180,0.0,90.68,80.94,-0.2654,0.8007,False
30,5,150,1,0.0,eom,30,37.54,276.0,152,1532,0.0,62.46,7.66,0.4451,0.7992,False
30,5,150,1,0.1,eom,30,37.54,276.0,152,1532,0.0,62.46,7.66,0.4451,0.7992,False
30,5,150,5,0.0,eom,24,44.36,287.0,150,1276,0.0,55.64,6.38,0.463,0.7957,False
30,5,150,5,0.1,eom,24,44.36,287.0,150,1276,0.0,55.64,6.38,0.463,0.7957,False
30,5,150,7,0.0,eom,22,44.9,318.5,156,1433,0.0,55.1,7.17,0.4743,0.7928,False
30,5,150,7,0.1,eom,22,44.9,318.5,156,1433,0.0,55.1,7.17,0.4743,0.7928,False
30,5,75,7,0.3,eom,6,6.74,164.0,87,17300,0.0,93.26,86.55,-0.3288,0.7847,False
30,5,50,10,0.2,eom,32,35.74,179.0,51,3720,0.0,64.26,18.61,0.2539,0.7842,False
30,5,50,1,0.3,eom,6,0.45,99.0,56,18771,0.0,99.55,93.91,-0.317,0.7709,False
30,5,125,7,0.0,eom,26,46.67,272.0,128,1295,0.0,53.33,6.48,0.4651,0.7704,False
30,5,125,7,0.1,eom,26,46.67,272.0,128,1295,0.0,53.33,6.48,0.4651,0.7704,False
30,5,125,3,0.0,eom,29,43.13,247.0,132,1316,0.0,56.87,6.58,0.4389,0.7678,False
30,5,125,3,0.1,eom,29,43.13,247.0,132,1316,0.0,56.87,6.58,0.4389,0.7678,False
30,5,125,10,0.0,eom,26,47.32,282.5,132,1285,0.0,52.68,6.43,0.4849,0.7675,False
30,5,125,10,0.1,eom,26,47.32,282.5,132,1285,0.0,52.68,6.43,0.4849,0.7675,False
30,5,125,1,0.0,eom,33,39.87,253.0,132,1532,0.0,60.13,7.66,0.4627,0.7657,False
30,5,125,1,0.1,eom,33,39.87,253.0,132,1532,0.0,60.13,7.66,0.4627,0.7657,False
30,5,100,7,0.3,eom,5,7.18,220.0,104,17300,0.0,92.82,86.55,-0.2804,0.7571,False
30,5,75,5,0.3,eom,5,2.27,222.0,87,18296,0.0,97.73,91.53,-0.294,0.7461,False
30,5,125,5,0.0,eom,29,46.62,245.0,130,1012,0.0,53.38,5.06,0.4632,0.7458,False
30,5,125,5,0.1,eom,29,46.62,245.0,130,1012,0.0,53.38,5.06,0.4632,0.7458,False
30,5,150,10,0.3,eom,4,11.38,746.0,278,15944,0.0,88.62,79.76,-0.1976,0.7457,False
30,5,125,10,0.3,eom,4,11.38,746.0,278,15944,0.0,88.62,79.76,-0.1976,0.7457,False
30,5,75,3,0.3,eom,5,2.57,111.0,86,18368,0.0,97.43,91.89,-0.3062,0.7445,False
30,5,150,1,0.2,eom,4,10.41,752.0,224,16180,0.0,89.59,80.94,-0.1885,0.744,False
30,5,125,1,0.2,eom,4,10.41,752.0,224,16180,0.0,89.59,80.94,-0.1885,0.744,False
30,5,100,7,0.0,eom,32,44.89,232.5,104,1295,0.0,55.11,6.48,0.4804,0.7387,False
30,5,100,7,0.1,eom,32,44.89,232.5,104,1295,0.0,55.11,6.48,0.4804,0.7387,False
30,5,100,1,0.0,eom,40,40.96,223.5,109,1532,0.0,59.04,7.66,0.4649,0.7253,False
30,5,100,1,0.1,eom,40,40.96,223.5,109,1532,0.0,59.04,7.66,0.4649,0.7253,False
30,5,100,3,0.0,eom,36,44.18,226.5,101,1316,0.0,55.82,6.58,0.4794,0.7217,False
30,5,100,3,0.1,eom,36,44.18,226.5,101,1316,0.0,55.82,6.58,0.4794,0.7217,False
30,5,100,5,0.3,eom,4,2.71,521.5,109,18296,0.0,97.29,91.53,-0.2579,0.7176,False
30,5,75,1,0.0,eom,47,38.8,189.0,77,1532,0.0,61.2,7.66,0.461,0.7165,False
30,5,75,1,0.1,eom,47,38.8,189.0,77,1532,0.0,61.2,7.66,0.461,0.7165,False
30,5,75,1,0.3,eom,4,0.73,464.0,88,18827,0.0,99.27,94.19,-0.2037,0.7163,False
30,5,100,5,0.0,eom,35,47.49,212.0,101,1012,0.0,52.51,5.06,0.4777,0.704,False
30,5,100,5,0.1,eom,35,47.49,212.0,101,1012,0.0,52.51,5.06,0.4777,0.704,False
30,5,75,7,0.0,eom,39,44.77,191.0,83,1295,0.0,55.23,6.48,0.4753,0.704,False
30,5,75,7,0.1,eom,39,44.77,191.0,83,1295,0.0,55.23,6.48,0.4753,0.704,False
30,5,100,10,0.0,eom,34,49.1,229.0,100,1107,0.0,50.9,5.54,0.5095,0.7006,False
30,5,100,10,0.1,eom,34,49.1,229.0,100,1107,0.0,50.9,5.54,0.5095,0.7006,False
30,5,150,7,0.3,eom,3,3.64,822.0,220,18219,0.0,96.36,91.15,-0.1488,0.6953,False
30,5,125,7,0.3,eom,3,3.64,822.0,220,18219,0.0,96.36,91.15,-0.1488,0.6953,False
30,5,150,5,0.3,eom,3,3.25,821.0,222,18296,0.0,96.75,91.53,-0.1594,0.6937,False
30,5,125,5,0.3,eom,3,3.25,821.0,222,18296,0.0,96.75,91.53,-0.1594,0.6937,False
30,5,100,3,0.3,eom,3,1.79,823.0,111,18698,0.0,98.21,93.54,-0.1682,0.6891,False
30,5,75,3,0.0,eom,45,44.25,172.0,80,1316,0.0,55.75,6.58,0.4986,0.688,False
30,5,75,3,0.1,eom,45,44.25,172.0,80,1316,0.0,55.75,6.58,0.4986,0.688,False
30,5,100,1,0.3,eom,3,1.17,818.0,110,18827,0.0,98.83,94.19,-0.171,0.6875,False
30,5,75,10,0.0,eom,41,46.49,214.0,76,1107,0.0,53.51,5.54,0.5113,0.6872,False
30,5,75,10,0.1,eom,41,46.49,214.0,76,1107,0.0,53.51,5.54,0.5113,0.6872,False
30,5,50,1,0.1,eom,69,37.07,110.0,51,1397,0.0,62.93,6.99,0.4171,0.6826,False
30,5,150,3,0.3,eom,2,2.34,9760.5,823,18698,0.0,97.66,93.54,0.1592,0.6824,False
30,5,125,3,0.3,eom,2,2.34,9760.5,823,18698,0.0,97.66,93.54,0.1592,0.6824,False
30,5,150,1,0.3,eom,2,1.72,9822.5,818,18827,0.0,98.28,94.19,0.1649,0.6815,False
30,5,125,1,0.3,eom,2,1.72,9822.5,818,18827,0.0,98.28,94.19,0.1649,0.6815,False
30,5,50,1,0.0,eom,70,37.2,109.0,51,1397,0.0,62.8,6.99,0.4267,0.6811,False
30,5,75,5,0.0,eom,44,46.06,152.0,75,905,0.0,53.94,4.53,0.468,0.6765,False
30,5,75,5,0.1,eom,44,46.06,152.0,75,905,0.0,53.94,4.53,0.468,0.6765,False
30,5,50,10,0.0,eom,52,45.8,127.0,51,1107,0.0,54.2,5.54,0.5126,0.6597,False
30,5,50,10,0.1,eom,52,45.8,127.0,51,1107,0.0,54.2,5.54,0.5126,0.6597,False
30,5,50,7,0.0,eom,56,46.91,115.5,50,1226,0.0,53.09,6.13,0.5184,0.644,False
30,5,50,7,0.1,eom,56,46.91,115.5,50,1226,0.0,53.09,6.13,0.5184,0.644,False
30,5,50,3,0.0,eom,63,44.74,109.0,50,880,0.0,55.26,4.4,0.4522,0.6415,False
30,5,50,3,0.1,eom,63,44.74,109.0,50,880,0.0,55.26,4.4,0.4522,0.6415,False
30,5,50,5,0.0,eom,57,47.85,126.0,55,905,0.0,52.15,4.53,0.515,0.6354,False
30,5,50,5,0.1,eom,57,47.85,126.0,55,905,0.0,52.15,4.53,0.515,0.6354,False
